Server,Avg (Mbps),Min (Mbps),Median (Mbps),P95 (Mbps),Max (Mbps)
bouygues.iperf.fr:5201,5.038833333333333,2.25,4.779999999999999,7.560999999999999,9.61
ping.online.net:5201,7.701000000000001,1.83,6.515,16.581999999999997,18.86
iperf.he.net:5201,3.092666666666667,0.34,2.8200000000000003,6.4719999999999995,7.16
nyc.speedtest.clouvider.net:5201,1.1543333333333334,0.2,1.02,2.4025,2.56
sgp.proof.ovh.net:5201,3.357833333333333,0.59,2.8600000000000003,7.459,7.77
